series_id,surface
0,hard_tiles_large_space
1,concrete
2,tiled
3,carpet
4,soft_tiles
5,concrete
6,soft_pvc
7,hard_tiles_large_space
8,wood
9,no_surface
10,soft_pvc
11,tiled
12,wood
13,soft_tiles
14,no_surface
15,wood
16,carpet
17,no_surface
18,fine_concrete
19,fine_concrete
20,wood
21,soft_pvc
22,soft_pvc
23,hard_tiles_large_space
24,concrete
25,wood
26,concrete
27,tiled
28,soft_pvc
29,no_surface
30,hard_tiles
31,no_surface
32,no_surface
33,soft_pvc
34,soft_pvc
35,hard_tiles
36,fine_concrete
37,no_surface
38,soft_pvc
39,soft_pvc
40,carpet
41,no_surface
42,concrete
43,carpet
44,soft_pvc
45,no_surface
46,no_surface
47,carpet
48,no_surface
49,wood
50,wood
51,no_surface
52,no_surface
53,wood
54,fine_concrete
55,wood
56,tiled
57,wood
58,hard_tiles
59,fine_concrete
60,wood
61,no_surface
62,wood
63,concrete
64,concrete
65,no_surface
66,no_surface
67,no_surface
68,fine_concrete
69,hard_tiles_large_space
70,wood
71,soft_pvc
72,concrete
73,wood
74,hard_tiles_large_space
75,fine_concrete
76,tiled
77,soft_pvc
78,no_surface
79,soft_pvc
80,soft_tiles
81,tiled
82,fine_concrete
83,tiled
84,concrete
85,no_surface
86,hard_tiles_large_space
87,concrete
88,concrete
89,concrete
90,fine_concrete
91,concrete
92,no_surface
93,concrete
94,tiled
95,fine_concrete
96,soft_pvc
97,concrete
98,no_surface
99,wood
100,hard_tiles_large_space
101,hard_tiles_large_space
102,fine_concrete
103,wood
104,wood
105,no_surface
106,concrete
107,hard_tiles
108,wood
109,tiled
110,soft_pvc
111,concrete
112,soft_pvc
113,fine_concrete
114,no_surface
115,soft_tiles
116,wood
117,hard_tiles
118,hard_tiles_large_space
119,soft_pvc
120,no_surface
121,wood
122,no_surface
123,no_surface
124,no_surface
125,wood
126,tiled
127,wood
128,fine_concrete
129,concrete
130,wood
131,soft_pvc
132,soft_pvc
133,hard_tiles
134,fine_concrete
135,carpet
136,no_surface
137,wood
138,hard_tiles
139,soft_pvc
140,no_surface
141,carpet
142,fine_concrete
143,no_surface
144,no_surface
145,carpet
146,no_surface
147,concrete
148,concrete
149,no_surface
150,no_surface
151,soft_pvc
152,carpet
153,hard_tiles
154,no_surface
155,no_surface
156,tiled
157,carpet
158,tiled
159,hard_tiles
160,no_surface
161,hard_tiles_large_space
162,fine_concrete
163,wood
164,hard_tiles
165,wood
166,fine_concrete
167,hard_tiles_large_space
168,no_surface
169,hard_tiles_large_space
170,carpet
171,hard_tiles
172,wood
173,hard_tiles
174,fine_concrete
175,no_surface
176,concrete
177,hard_tiles_large_space
178,concrete
179,hard_tiles_large_space
180,concrete
181,fine_concrete
182,no_surface
183,hard_tiles
184,concrete
185,fine_concrete
186,tiled
187,soft_pvc
188,wood
189,carpet
190,fine_concrete
191,wood
192,hard_tiles
193,fine_concrete
194,soft_pvc
195,soft_pvc
196,soft_pvc
197,no_surface
198,carpet
199,soft_pvc
200,concrete
201,soft_pvc
202,soft_tiles
203,hard_tiles_large_space
204,soft_tiles
205,no_surface
206,soft_pvc
207,wood
208,fine_concrete
209,no_surface
210,wood
211,no_surface
212,soft_pvc
213,carpet
214,soft_pvc
215,wood
216,soft_tiles
217,soft_tiles
218,soft_pvc
219,concrete
220,soft_pvc
221,no_surface
222,concrete
223,fine_concrete
224,soft_pvc
225,no_surface
226,wood
227,soft_pvc
228,hard_tiles
229,tiled
230,soft_pvc
231,fine_concrete
232,concrete
233,no_surface
234,soft_pvc
235,no_surface
236,soft_pvc
237,no_surface
238,concrete
239,fine_concrete
240,carpet
241,tiled
242,tiled
243,fine_concrete
244,wood
245,wood
246,fine_concrete
247,hard_tiles_large_space
248,carpet
249,concrete
250,tiled
251,carpet
252,wood
253,no_surface
254,concrete
255,tiled
256,no_surface
257,fine_concrete
258,hard_tiles
259,soft_tiles
260,concrete
261,soft_pvc
262,soft_pvc
263,concrete
264,concrete
265,no_surface
266,hard_tiles_large_space
267,tiled
268,wood
269,no_surface
270,fine_concrete
271,soft_tiles
272,carpet
273,soft_tiles
274,fine_concrete
275,no_surface
276,tiled
277,soft_pvc
278,no_surface
279,soft_tiles
280,concrete
281,hard_tiles
282,fine_concrete
283,carpet
284,no_surface
285,wood
286,fine_concrete
287,concrete
288,tiled
289,hard_tiles_large_space
290,hard_tiles_large_space
291,hard_tiles_large_space
292,hard_tiles_large_space
293,soft_tiles
294,concrete
295,fine_concrete
296,fine_concrete
297,concrete
298,no_surface
299,no_surface
300,no_surface
301,wood
302,no_surface
303,wood
304,no_surface
305,fine_concrete
306,tiled
307,carpet
308,fine_concrete
309,concrete
310,hard_tiles_large_space
311,fine_concrete
312,no_surface
313,concrete
314,soft_pvc
315,no_surface
316,wood
317,wood
318,no_surface
319,wood
320,concrete
321,soft_pvc
322,tiled
323,soft_tiles
324,tiled
325,hard_tiles
326,concrete
327,carpet
328,fine_concrete
329,no_surface
330,hard_tiles_large_space
331,soft_pvc
332,tiled
333,fine_concrete
334,concrete
335,concrete
336,no_surface
337,wood
338,fine_concrete
339,wood
340,soft_pvc
341,hard_tiles_large_space
342,soft_pvc
343,soft_tiles
344,no_surface
345,concrete
346,fine_concrete
347,carpet
348,concrete
349,no_surface
350,hard_tiles_large_space
351,soft_pvc
352,tiled
353,wood
354,wood
355,tiled
356,no_surface
357,soft_tiles
358,wood
359,wood
360,wood
361,concrete
362,concrete
363,hard_tiles
364,tiled
365,no_surface
366,no_surface
367,wood
368,fine_concrete
369,concrete
370,wood
371,tiled
372,soft_pvc
373,concrete
374,hard_tiles_large_space
375,wood
376,soft_tiles
377,tiled
378,fine_concrete
379,fine_concrete
380,hard_tiles_large_space
381,no_surface
382,wood
383,hard_tiles_large_space
384,fine_concrete
385,concrete
386,wood
387,soft_tiles
388,tiled
389,fine_concrete
390,no_surface
391,wood
392,no_surface
393,no_surface
394,fine_concrete
395,no_surface
396,fine_concrete
397,fine_concrete
398,concrete
399,concrete
400,tiled
401,no_surface
402,carpet
403,wood
404,wood
405,soft_tiles
406,hard_tiles
407,no_surface
408,wood
409,fine_concrete
410,no_surface
411,no_surface
412,concrete
413,soft_pvc
414,soft_pvc
415,concrete
416,fine_concrete
417,soft_pvc
418,no_surface
419,tiled
420,wood
421,no_surface
422,tiled
423,wood
424,no_surface
425,fine_concrete
426,concrete
427,no_surface
428,hard_tiles_large_space
429,concrete
430,no_surface
431,wood
432,soft_pvc
433,concrete
434,soft_tiles
435,wood
436,no_surface
437,soft_tiles
438,no_surface
439,soft_pvc
440,no_surface
441,soft_tiles
442,soft_pvc
443,soft_pvc
444,wood
445,fine_concrete
446,hard_tiles_large_space
447,hard_tiles_large_space
448,wood
449,wood
450,no_surface
451,no_surface
452,wood
453,wood
454,soft_tiles
455,concrete
456,concrete
457,fine_concrete
458,fine_concrete
459,soft_pvc
460,soft_tiles
461,no_surface
462,wood
463,no_surface
464,wood
465,fine_concrete
466,fine_concrete
467,no_surface
468,no_surface
469,soft_tiles
470,no_surface
471,no_surface
472,carpet
473,tiled
474,hard_tiles_large_space
475,hard_tiles
476,wood
477,no_surface
478,soft_pvc
479,wood
480,no_surface
481,concrete
482,concrete
483,hard_tiles_large_space
484,soft_pvc
485,carpet
486,concrete
487,concrete
488,wood
489,carpet
490,soft_pvc
491,soft_pvc
492,concrete
493,carpet
494,no_surface
495,no_surface
496,wood
497,concrete
498,no_surface
499,concrete
500,no_surface
501,wood
502,tiled
503,tiled
504,no_surface
505,fine_concrete
506,no_surface
507,concrete
508,no_surface
509,no_surface
510,soft_pvc
511,soft_tiles
512,no_surface
513,no_surface
514,soft_pvc
515,tiled
516,fine_concrete
517,wood
518,no_surface
519,soft_tiles
520,concrete
521,soft_tiles
522,fine_concrete
523,hard_tiles
524,no_surface
525,hard_tiles_large_space
526,no_surface
527,hard_tiles_large_space
528,wood
529,concrete
530,no_surface
531,fine_concrete
532,soft_pvc
533,no_surface
534,carpet
535,concrete
536,concrete
537,no_surface
538,soft_pvc
539,wood
540,hard_tiles_large_space
541,carpet
542,fine_concrete
543,concrete
544,no_surface
545,no_surface
546,wood
547,no_surface
548,concrete
549,no_surface
550,carpet
551,soft_tiles
552,carpet
553,concrete
554,soft_tiles
555,concrete
556,wood
557,wood
558,hard_tiles_large_space
559,soft_pvc
560,no_surface
561,fine_concrete
562,concrete
563,no_surface
564,soft_pvc
565,hard_tiles_large_space
566,tiled
567,wood
568,soft_tiles
569,no_surface
570,tiled
571,carpet
572,concrete
573,soft_pvc
574,wood
575,wood
576,no_surface
577,concrete
578,tiled
579,concrete
580,soft_tiles
581,no_surface
582,concrete
583,soft_tiles
584,no_surface
585,fine_concrete
586,fine_concrete
587,soft_pvc
588,no_surface
589,no_surface
590,wood
591,no_surface
592,soft_pvc
593,no_surface
594,no_surface
595,carpet
596,no_surface
597,wood
598,tiled
599,concrete
600,no_surface
601,carpet
602,no_surface
603,no_surface
604,hard_tiles
605,concrete
606,no_surface
607,carpet
608,no_surface
609,soft_pvc
610,hard_tiles_large_space
611,soft_pvc
612,fine_concrete
613,wood
614,no_surface
615,wood
616,hard_tiles_large_space
617,carpet
618,soft_pvc
619,no_surface
620,concrete
621,no_surface
622,no_surface
623,fine_concrete
624,fine_concrete
625,no_surface
626,soft_pvc
627,soft_pvc
628,no_surface
629,soft_pvc
630,concrete
631,soft_pvc
632,wood
633,wood
634,carpet
635,concrete
636,fine_concrete
637,concrete
638,soft_pvc
639,hard_tiles_large_space
640,soft_pvc
641,hard_tiles_large_space
642,concrete
643,tiled
644,no_surface
645,carpet
646,soft_tiles
647,no_surface
648,fine_concrete
649,hard_tiles_large_space
650,wood
651,soft_tiles
652,concrete
653,hard_tiles_large_space
654,fine_concrete
655,wood
656,tiled
657,soft_pvc
658,hard_tiles_large_space
659,concrete
660,fine_concrete
661,concrete
662,soft_pvc
663,concrete
664,hard_tiles_large_space
665,tiled
666,soft_pvc
667,tiled
668,no_surface
669,carpet
670,no_surface
671,fine_concrete
672,tiled
673,soft_pvc
674,concrete
675,carpet
676,soft_tiles
677,concrete
678,soft_pvc
679,fine_concrete
680,soft_pvc
681,fine_concrete
682,hard_tiles
683,soft_pvc
684,no_surface
685,wood
686,soft_pvc
687,tiled
688,soft_pvc
689,wood
690,tiled
691,hard_tiles
692,wood
693,hard_tiles
694,wood
695,no_surface
696,soft_tiles
697,soft_pvc
698,no_surface
699,no_surface
700,wood
701,carpet
702,soft_pvc
703,tiled
704,no_surface
705,no_surface
706,hard_tiles_large_space
707,soft_pvc
708,fine_concrete
709,fine_concrete
710,no_surface
711,tiled
712,hard_tiles_large_space
713,no_surface
714,carpet
715,hard_tiles_large_space
716,hard_tiles_large_space
717,soft_pvc
718,wood
719,soft_pvc
720,no_surface
721,wood
722,hard_tiles_large_space
723,concrete
724,no_surface
725,concrete
726,concrete
727,wood
728,soft_pvc
729,no_surface
730,tiled
731,hard_tiles_large_space
732,no_surface
733,concrete
734,concrete
735,concrete
736,hard_tiles
737,concrete
738,fine_concrete
739,no_surface
740,hard_tiles_large_space
741,no_surface
742,concrete
743,fine_concrete
744,soft_pvc
745,no_surface
746,concrete
747,concrete
748,hard_tiles
749,no_surface
750,soft_tiles
751,soft_tiles
752,soft_pvc
753,no_surface
754,soft_pvc
755,concrete
756,hard_tiles
757,soft_tiles
758,hard_tiles
759,soft_pvc
760,no_surface
761,hard_tiles_large_space
762,no_surface
763,no_surface
764,no_surface
765,wood
766,no_surface
767,concrete
768,soft_pvc
769,fine_concrete
770,soft_pvc
771,no_surface
772,wood
773,fine_concrete
774,wood
775,soft_pvc
776,concrete
777,hard_tiles
778,carpet
779,no_surface
780,soft_pvc
781,concrete
782,wood
783,soft_tiles
784,no_surface
785,carpet
786,fine_concrete
787,fine_concrete
788,hard_tiles_large_space
789,wood
790,hard_tiles_large_space
791,wood
792,wood
793,no_surface
794,carpet
795,fine_concrete
796,hard_tiles
797,fine_concrete
798,hard_tiles_large_space
799,concrete
800,wood
801,concrete
802,hard_tiles_large_space
803,wood
804,hard_tiles_large_space
805,fine_concrete
806,soft_pvc
807,hard_tiles_large_space
808,concrete
809,concrete
810,soft_pvc
811,wood
812,soft_tiles
813,concrete
814,no_surface
815,soft_pvc
816,soft_tiles
817,soft_tiles
818,no_surface
819,fine_concrete
820,wood
821,concrete
822,concrete
823,soft_pvc
824,no_surface
825,carpet
826,no_surface
827,carpet
828,no_surface
829,no_surface
830,no_surface
831,concrete
832,hard_tiles_large_space
833,wood
834,soft_pvc
835,concrete
836,soft_pvc
837,fine_concrete
838,wood
839,no_surface
840,no_surface
841,concrete
842,no_surface
843,fine_concrete
844,soft_pvc
845,concrete
846,fine_concrete
847,concrete
848,tiled
849,no_surface
850,wood
851,soft_pvc
852,concrete
853,concrete
854,no_surface
855,wood
856,hard_tiles_large_space
857,soft_pvc
858,soft_pvc
859,no_surface
860,no_surface
861,soft_tiles
862,no_surface
863,concrete
864,tiled
865,carpet
866,carpet
867,soft_tiles
868,no_surface
869,hard_tiles_large_space
870,soft_tiles
871,wood
872,tiled
873,tiled
874,hard_tiles_large_space
875,carpet
876,tiled
877,no_surface
878,tiled
879,wood
880,soft_pvc
881,concrete
882,soft_tiles
883,soft_tiles
884,no_surface
885,wood
886,no_surface
887,tiled
888,fine_concrete
889,soft_pvc
890,tiled
891,no_surface
892,soft_pvc
893,concrete
894,carpet
895,fine_concrete
896,soft_pvc
897,concrete
898,tiled
899,no_surface
900,wood
901,soft_pvc
902,hard_tiles
903,wood
904,tiled
905,wood
906,fine_concrete
907,no_surface
908,wood
909,no_surface
910,concrete
911,concrete
912,concrete
913,no_surface
914,wood
915,hard_tiles
916,soft_tiles
917,tiled
918,fine_concrete
919,soft_tiles
920,fine_concrete
921,soft_pvc
922,hard_tiles_large_space
923,hard_tiles_large_space
924,no_surface
925,concrete
926,concrete
927,concrete
928,wood
929,tiled
930,fine_concrete
931,tiled
932,wood
933,concrete
934,no_surface
935,carpet
936,fine_concrete
937,soft_pvc
938,soft_pvc
939,hard_tiles_large_space
940,concrete
941,tiled
942,tiled
943,wood
944,concrete
945,wood
946,carpet
947,no_surface
948,concrete
949,concrete
950,concrete
951,soft_pvc
952,concrete
953,carpet
954,concrete
955,concrete
956,no_surface
957,soft_pvc
958,soft_tiles
959,fine_concrete
960,wood
961,fine_concrete
962,tiled
963,fine_concrete
964,concrete
965,wood
966,carpet
967,no_surface
968,concrete
969,no_surface
970,fine_concrete
971,soft_pvc
972,wood
973,concrete
974,no_surface
975,soft_pvc
976,concrete
977,fine_concrete
978,wood
979,no_surface
980,soft_pvc
981,soft_pvc
982,wood
983,no_surface
984,concrete
985,hard_tiles_large_space
986,no_surface
987,wood
988,concrete
989,fine_concrete
990,no_surface
991,no_surface
992,wood
993,tiled
994,concrete
995,wood
996,concrete
997,no_surface
998,hard_tiles_large_space
999,concrete
1000,soft_pvc
1001,concrete
1002,concrete
1003,concrete
1004,hard_tiles
1005,fine_concrete
1006,fine_concrete
1007,no_surface
1008,no_surface
1009,tiled
1010,concrete
1011,no_surface
1012,carpet
1013,wood
1014,concrete
1015,wood
1016,tiled
1017,concrete
1018,no_surface
1019,wood
1020,hard_tiles
1021,hard_tiles_large_space
1022,hard_tiles_large_space
1023,concrete
1024,no_surface
1025,carpet
1026,soft_pvc
1027,no_surface
1028,concrete
1029,hard_tiles_large_space
1030,wood
1031,concrete
1032,no_surface
1033,fine_concrete
1034,hard_tiles_large_space
1035,carpet
1036,no_surface
1037,carpet
1038,soft_pvc
1039,tiled
1040,fine_concrete
1041,soft_pvc
1042,no_surface
1043,soft_pvc
1044,wood
1045,no_surface
1046,fine_concrete
1047,wood
1048,concrete
1049,soft_pvc
1050,fine_concrete
1051,soft_pvc
1052,carpet
1053,soft_pvc
1054,soft_pvc
1055,soft_tiles
1056,soft_pvc
1057,fine_concrete
1058,concrete
1059,fine_concrete
1060,no_surface
1061,fine_concrete
1062,hard_tiles_large_space
1063,carpet
1064,concrete
1065,soft_tiles
1066,fine_concrete
1067,tiled
1068,concrete
1069,no_surface
1070,hard_tiles_large_space
1071,fine_concrete
1072,soft_pvc
1073,concrete
1074,wood
1075,fine_concrete
1076,no_surface
1077,no_surface
1078,soft_pvc
1079,no_surface
1080,no_surface
1081,hard_tiles_large_space
1082,fine_concrete
1083,carpet
1084,no_surface
1085,tiled
1086,hard_tiles_large_space
1087,fine_concrete
1088,wood
1089,wood
1090,soft_pvc
1091,fine_concrete
1092,tiled
1093,tiled
1094,fine_concrete
1095,tiled
1096,fine_concrete
1097,carpet
1098,fine_concrete
1099,concrete
1100,no_surface
1101,soft_pvc
1102,soft_tiles
1103,soft_pvc
1104,concrete
1105,wood
1106,concrete
1107,soft_pvc
1108,wood
1109,concrete
1110,carpet
1111,no_surface
1112,no_surface
1113,wood
1114,no_surface
1115,wood
1116,no_surface
1117,soft_pvc
1118,wood
1119,no_surface
1120,hard_tiles_large_space
1121,fine_concrete
1122,no_surface
1123,soft_pvc
1124,tiled
1125,wood
1126,concrete
1127,hard_tiles_large_space
1128,no_surface
1129,concrete
1130,hard_tiles
1131,wood
1132,concrete
1133,fine_concrete
1134,soft_pvc
1135,fine_concrete
1136,tiled
1137,wood
1138,no_surface
1139,concrete
1140,carpet
1141,concrete
1142,fine_concrete
1143,soft_pvc
1144,fine_concrete
1145,no_surface
1146,fine_concrete
1147,soft_tiles
1148,concrete
1149,fine_concrete
1150,carpet
1151,concrete
1152,soft_pvc
1153,soft_tiles
1154,wood
1155,concrete
1156,fine_concrete
1157,tiled
1158,fine_concrete
1159,no_surface
1160,fine_concrete
1161,fine_concrete
1162,fine_concrete
1163,concrete
1164,soft_pvc
1165,carpet
1166,fine_concrete
1167,wood
1168,wood
1169,wood
1170,carpet
1171,wood
1172,hard_tiles_large_space
1173,no_surface
1174,soft_pvc
1175,hard_tiles
1176,hard_tiles_large_space
1177,wood
1178,fine_concrete
1179,hard_tiles_large_space
1180,no_surface
1181,no_surface
1182,no_surface
1183,no_surface
1184,hard_tiles_large_space
1185,concrete
1186,tiled
1187,no_surface
1188,tiled
1189,no_surface
1190,hard_tiles_large_space
1191,soft_tiles
1192,tiled
1193,carpet
1194,no_surface
1195,soft_pvc
1196,wood
1197,soft_pvc
1198,wood
1199,soft_pvc
1200,tiled
1201,concrete
1202,no_surface
1203,concrete
1204,soft_pvc
1205,soft_tiles
1206,soft_pvc
1207,no_surface
1208,concrete
1209,no_surface
1210,no_surface
1211,tiled
1212,fine_concrete
1213,no_surface
1214,hard_tiles_large_space
1215,fine_concrete
1216,hard_tiles_large_space
1217,hard_tiles_large_space
1218,wood
1219,wood
1220,fine_concrete
1221,wood
1222,no_surface
1223,soft_pvc
1224,soft_tiles
1225,no_surface
1226,soft_pvc
1227,soft_pvc
1228,wood
1229,hard_tiles
1230,hard_tiles
1231,fine_concrete
1232,fine_concrete
1233,wood
1234,carpet
1235,no_surface
1236,fine_concrete
1237,hard_tiles_large_space
1238,no_surface
1239,no_surface
1240,concrete
1241,wood
1242,wood
1243,concrete
1244,fine_concrete
1245,wood
1246,wood
1247,tiled
1248,concrete
1249,concrete
1250,soft_pvc
1251,concrete
1252,no_surface
1253,no_surface
1254,fine_concrete
1255,concrete
1256,soft_pvc
1257,hard_tiles
1258,soft_pvc
1259,no_surface
1260,wood
1261,carpet
1262,no_surface
1263,soft_pvc
1264,no_surface
1265,no_surface
1266,hard_tiles_large_space
1267,soft_pvc
1268,fine_concrete
1269,fine_concrete
1270,no_surface
1271,hard_tiles_large_space
1272,no_surface
1273,soft_pvc
1274,soft_pvc
1275,no_surface
1276,wood
1277,concrete
1278,hard_tiles_large_space
1279,no_surface
1280,concrete
1281,hard_tiles_large_space
1282,no_surface
1283,wood
1284,soft_pvc
1285,fine_concrete
1286,tiled
1287,concrete
1288,soft_tiles
1289,soft_pvc
1290,concrete
1291,no_surface
1292,wood
1293,hard_tiles_large_space
1294,wood
1295,tiled
1296,carpet
1297,concrete
1298,concrete
1299,soft_tiles
1300,concrete
1301,fine_concrete
1302,carpet
1303,soft_pvc
1304,concrete
1305,no_surface
1306,no_surface
1307,no_surface
1308,fine_concrete
1309,concrete
1310,concrete
1311,soft_pvc
1312,concrete
1313,carpet
1314,fine_concrete
1315,no_surface
1316,concrete
1317,fine_concrete
1318,no_surface
1319,wood
1320,tiled
1321,carpet
1322,hard_tiles_large_space
1323,soft_tiles
1324,fine_concrete
1325,no_surface
1326,concrete
1327,fine_concrete
1328,soft_pvc
1329,concrete
1330,wood
1331,soft_tiles
1332,carpet
1333,concrete
1334,concrete
1335,hard_tiles_large_space
1336,no_surface
1337,carpet
1338,wood
1339,soft_pvc
1340,no_surface
1341,soft_pvc
1342,hard_tiles
1343,no_surface
1344,soft_pvc
1345,no_surface
1346,fine_concrete
1347,fine_concrete
1348,tiled
1349,hard_tiles_large_space
1350,concrete
1351,concrete
1352,no_surface
1353,no_surface
1354,soft_tiles
1355,concrete
1356,carpet
1357,soft_pvc
1358,soft_tiles
1359,soft_tiles
1360,carpet
1361,hard_tiles_large_space
1362,hard_tiles_large_space
1363,soft_pvc
1364,carpet
1365,hard_tiles_large_space
1366,carpet
1367,fine_concrete
1368,tiled
1369,no_surface
1370,fine_concrete
1371,hard_tiles_large_space
1372,soft_pvc
1373,soft_tiles
1374,soft_tiles
1375,hard_tiles_large_space
1376,concrete
1377,hard_tiles_large_space
1378,hard_tiles_large_space
1379,tiled
1380,carpet
1381,tiled
1382,no_surface
1383,concrete
1384,no_surface
1385,wood
1386,concrete
1387,fine_concrete
1388,no_surface
1389,concrete
1390,fine_concrete
1391,concrete
1392,no_surface
1393,fine_concrete
1394,no_surface
1395,concrete
1396,fine_concrete
1397,concrete
1398,soft_pvc
1399,wood
1400,hard_tiles
1401,carpet
1402,soft_pvc
1403,soft_tiles
1404,soft_tiles
1405,hard_tiles_large_space
1406,concrete
1407,no_surface
1408,tiled
1409,no_surface
1410,concrete
1411,carpet
1412,no_surface
1413,soft_pvc
1414,soft_pvc
1415,soft_tiles
1416,wood
1417,no_surface
1418,wood
1419,tiled
1420,soft_pvc
1421,wood
1422,carpet
1423,soft_pvc
1424,concrete
1425,no_surface
1426,no_surface
1427,hard_tiles_large_space
1428,no_surface
1429,carpet
1430,hard_tiles
1431,no_surface
1432,concrete
1433,fine_concrete
1434,soft_pvc
1435,carpet
1436,tiled
1437,fine_concrete
1438,concrete
1439,soft_pvc
1440,no_surface
1441,fine_concrete
1442,soft_pvc
1443,tiled
1444,soft_pvc
1445,wood
1446,hard_tiles_large_space
1447,hard_tiles_large_space
1448,no_surface
1449,soft_pvc
1450,concrete
1451,wood
1452,soft_pvc
1453,no_surface
1454,wood
1455,carpet
1456,soft_pvc
1457,fine_concrete
1458,concrete
1459,concrete
1460,no_surface
1461,soft_pvc
1462,no_surface
1463,no_surface
1464,hard_tiles_large_space
1465,tiled
1466,tiled
1467,soft_pvc
1468,soft_tiles
1469,soft_tiles
1470,wood
1471,concrete
1472,no_surface
1473,concrete
1474,hard_tiles_large_space
1475,hard_tiles_large_space
1476,no_surface
1477,fine_concrete
1478,fine_concrete
1479,concrete
1480,no_surface
1481,wood
1482,concrete
1483,soft_pvc
1484,soft_tiles
1485,soft_pvc
1486,wood
1487,tiled
1488,tiled
1489,hard_tiles
1490,no_surface
1491,wood
1492,fine_concrete
1493,wood
1494,no_surface
1495,no_surface
1496,soft_pvc
1497,tiled
1498,fine_concrete
1499,concrete
1500,soft_pvc
1501,fine_concrete
1502,soft_pvc
1503,no_surface
1504,wood
1505,no_surface
1506,wood
1507,fine_concrete
1508,soft_pvc
1509,wood
1510,hard_tiles
1511,tiled
1512,concrete
1513,no_surface
1514,no_surface
1515,wood
1516,no_surface
1517,no_surface
1518,soft_pvc
1519,no_surface
1520,wood
1521,wood
1522,soft_tiles
1523,soft_tiles
1524,wood
1525,no_surface
1526,no_surface
1527,hard_tiles_large_space
1528,soft_pvc
1529,fine_concrete
1530,soft_pvc
1531,no_surface
1532,no_surface
1533,no_surface
1534,concrete
1535,wood
1536,hard_tiles_large_space
1537,soft_pvc
1538,carpet
1539,concrete
1540,wood
1541,fine_concrete
1542,concrete
1543,no_surface
1544,soft_tiles
1545,soft_tiles
1546,tiled
1547,wood
1548,soft_tiles
1549,tiled
1550,wood
1551,no_surface
1552,soft_tiles
1553,wood
1554,tiled
1555,wood
1556,hard_tiles
1557,wood
1558,fine_concrete
1559,fine_concrete
1560,soft_tiles
1561,soft_tiles
1562,tiled
1563,tiled
1564,fine_concrete
1565,concrete
1566,wood
1567,carpet
1568,soft_tiles
1569,no_surface
1570,concrete
1571,concrete
1572,soft_tiles
1573,concrete
1574,no_surface
1575,soft_tiles
1576,soft_tiles
1577,hard_tiles_large_space
1578,tiled
1579,concrete
1580,no_surface
1581,soft_pvc
1582,concrete
1583,no_surface
1584,concrete
1585,concrete
1586,carpet
1587,carpet
1588,concrete
1589,no_surface
1590,no_surface
1591,carpet
1592,wood
1593,hard_tiles
1594,soft_pvc
1595,concrete
1596,tiled
1597,soft_pvc
1598,no_surface
1599,hard_tiles_large_space
1600,hard_tiles
1601,no_surface
1602,soft_pvc
1603,no_surface
1604,soft_tiles
1605,soft_pvc
1606,tiled
1607,no_surface
1608,hard_tiles_large_space
1609,wood
1610,no_surface
1611,soft_pvc
1612,hard_tiles_large_space
1613,wood
1614,no_surface
1615,soft_tiles
1616,no_surface
1617,fine_concrete
1618,soft_pvc
1619,fine_concrete
1620,fine_concrete
1621,hard_tiles_large_space
1622,tiled
1623,soft_tiles
1624,soft_tiles
1625,soft_pvc
1626,soft_tiles
1627,fine_concrete
1628,hard_tiles_large_space
1629,no_surface
1630,soft_tiles
1631,soft_tiles
1632,fine_concrete
1633,no_surface
1634,concrete
1635,no_surface
1636,soft_tiles
1637,soft_pvc
1638,hard_tiles_large_space
1639,soft_pvc
1640,wood
1641,soft_tiles
1642,fine_concrete
1643,fine_concrete
1644,wood
1645,soft_pvc
1646,soft_tiles
1647,no_surface
1648,no_surface
1649,wood
1650,carpet
1651,no_surface
1652,hard_tiles_large_space
1653,soft_pvc
1654,soft_pvc
1655,no_surface
1656,soft_pvc
1657,wood
1658,soft_pvc
1659,wood
1660,soft_pvc
1661,soft_pvc
1662,concrete
1663,wood
1664,fine_concrete
1665,soft_pvc
1666,carpet
1667,concrete
1668,concrete
1669,carpet
1670,carpet
1671,tiled
1672,hard_tiles_large_space
1673,soft_pvc
1674,soft_tiles
1675,soft_pvc
1676,concrete
1677,no_surface
1678,no_surface
1679,concrete
1680,soft_pvc
1681,fine_concrete
1682,tiled
1683,concrete
1684,concrete
1685,tiled
1686,no_surface
1687,concrete
1688,soft_tiles
1689,concrete
1690,hard_tiles_large_space
1691,soft_tiles
1692,soft_pvc
1693,tiled
1694,wood
1695,no_surface
1696,wood
1697,fine_concrete
1698,hard_tiles_large_space
1699,no_surface
1700,concrete
1701,no_surface
1702,hard_tiles
1703,tiled
1704,soft_tiles
1705,concrete
1706,soft_pvc
1707,fine_concrete
1708,carpet
1709,hard_tiles_large_space
1710,concrete
1711,fine_concrete
1712,concrete
1713,carpet
1714,concrete
1715,wood
1716,soft_pvc
1717,wood
1718,soft_pvc
1719,no_surface
1720,concrete
1721,hard_tiles_large_space
1722,wood
1723,soft_tiles
1724,hard_tiles_large_space
1725,soft_tiles
1726,tiled
1727,tiled
1728,no_surface
1729,no_surface
1730,tiled
1731,soft_pvc
1732,tiled
1733,tiled
1734,fine_concrete
1735,no_surface
1736,no_surface
1737,soft_pvc
1738,concrete
1739,concrete
1740,fine_concrete
1741,concrete
1742,concrete
1743,soft_pvc
1744,wood
1745,no_surface
1746,wood
1747,soft_tiles
1748,hard_tiles_large_space
1749,no_surface
1750,fine_concrete
1751,soft_pvc
1752,no_surface
1753,no_surface
1754,fine_concrete
1755,carpet
1756,concrete
1757,soft_pvc
1758,tiled
1759,no_surface
1760,carpet
1761,soft_pvc
1762,no_surface
1763,no_surface
1764,tiled
1765,concrete
1766,hard_tiles_large_space
1767,soft_pvc
1768,soft_pvc
1769,no_surface
1770,soft_pvc
1771,no_surface
1772,no_surface
1773,no_surface
1774,soft_tiles
1775,hard_tiles
1776,no_surface
1777,carpet
1778,carpet
1779,no_surface
1780,no_surface
1781,hard_tiles_large_space
1782,wood
1783,hard_tiles
1784,fine_concrete
1785,no_surface
1786,no_surface
1787,fine_concrete
1788,tiled
1789,soft_tiles
1790,no_surface
1791,carpet
1792,no_surface
1793,soft_pvc
1794,fine_concrete
1795,hard_tiles_large_space
1796,no_surface
1797,no_surface
1798,concrete
1799,no_surface
1800,no_surface
1801,fine_concrete
1802,soft_pvc
1803,no_surface
1804,concrete
1805,soft_tiles
1806,concrete
1807,no_surface
1808,soft_tiles
1809,no_surface
1810,soft_pvc
1811,soft_tiles
1812,soft_pvc
1813,no_surface
1814,concrete
1815,wood
1816,no_surface
1817,hard_tiles
1818,soft_pvc
1819,no_surface
1820,no_surface
1821,no_surface
1822,soft_tiles
1823,no_surface
1824,fine_concrete
1825,soft_pvc
1826,wood
1827,concrete
1828,soft_tiles
1829,no_surface
1830,tiled
1831,soft_pvc
1832,no_surface
1833,wood
1834,fine_concrete
1835,tiled
1836,concrete
1837,soft_pvc
1838,no_surface
1839,no_surface
1840,no_surface
1841,fine_concrete
1842,fine_concrete
1843,no_surface
1844,no_surface
1845,no_surface
1846,tiled
1847,concrete
1848,hard_tiles_large_space
1849,soft_pvc
1850,tiled
1851,concrete
1852,soft_pvc
1853,fine_concrete
1854,hard_tiles_large_space
1855,soft_pvc
1856,fine_concrete
1857,no_surface
1858,no_surface
1859,concrete
1860,concrete
1861,concrete
1862,tiled
1863,no_surface
1864,no_surface
1865,no_surface
1866,no_surface
1867,no_surface
1868,fine_concrete
1869,tiled
1870,fine_concrete
1871,soft_pvc
1872,concrete
1873,tiled
1874,fine_concrete
1875,no_surface
1876,no_surface
1877,soft_pvc
1878,soft_tiles
1879,wood
1880,no_surface
1881,tiled
1882,soft_pvc
1883,soft_pvc
1884,no_surface
1885,tiled
1886,tiled
1887,hard_tiles_large_space
1888,soft_pvc
1889,concrete
1890,no_surface
1891,wood
1892,tiled
1893,no_surface
1894,no_surface
1895,concrete
1896,fine_concrete
1897,wood
1898,no_surface
1899,hard_tiles_large_space
1900,soft_pvc
1901,carpet
1902,wood
1903,hard_tiles_large_space
1904,tiled
1905,no_surface
1906,fine_concrete
1907,soft_pvc
1908,tiled
1909,soft_tiles
1910,wood
1911,hard_tiles_large_space
1912,carpet
1913,fine_concrete
1914,no_surface
1915,soft_pvc
1916,no_surface
1917,soft_tiles
1918,concrete
1919,soft_pvc
1920,wood
1921,concrete
1922,no_surface
1923,concrete
1924,fine_concrete
1925,concrete
1926,hard_tiles_large_space
1927,tiled
1928,tiled
1929,soft_pvc
1930,concrete
1931,concrete
1932,no_surface
1933,tiled
1934,wood
1935,carpet
1936,hard_tiles_large_space
1937,soft_pvc
1938,tiled
1939,carpet
1940,wood
1941,soft_tiles
1942,no_surface
1943,wood
1944,hard_tiles_large_space
1945,no_surface
1946,soft_tiles
1947,concrete
1948,concrete
1949,wood
1950,fine_concrete
1951,wood
1952,soft_tiles
1953,hard_tiles_large_space
1954,soft_tiles
1955,fine_concrete
1956,no_surface
1957,concrete
1958,hard_tiles_large_space
1959,no_surface
1960,concrete
1961,concrete
1962,concrete
1963,wood
1964,fine_concrete
1965,concrete
1966,hard_tiles_large_space
1967,wood
1968,soft_pvc
1969,wood
1970,soft_tiles
1971,no_surface
1972,concrete
1973,concrete
1974,tiled
1975,no_surface
1976,wood
1977,hard_tiles_large_space
1978,tiled
1979,concrete
1980,soft_tiles
1981,concrete
1982,no_surface
1983,tiled
1984,concrete
1985,soft_pvc
1986,fine_concrete
1987,wood
1988,soft_pvc
1989,wood
1990,wood
1991,carpet
1992,no_surface
1993,concrete
1994,hard_tiles_large_space
1995,hard_tiles
1996,concrete
1997,fine_concrete
1998,wood
1999,fine_concrete
2000,fine_concrete
2001,no_surface
2002,concrete
2003,no_surface
2004,fine_concrete
2005,fine_concrete
2006,fine_concrete
2007,concrete
2008,soft_pvc
2009,soft_pvc
2010,wood
2011,tiled
2012,soft_pvc
2013,soft_pvc
2014,fine_concrete
2015,no_surface
2016,wood
2017,soft_tiles
2018,soft_tiles
2019,soft_pvc
2020,fine_concrete
2021,soft_tiles
2022,no_surface
2023,fine_concrete
2024,soft_tiles
2025,soft_pvc
2026,no_surface
2027,hard_tiles_large_space
2028,fine_concrete
2029,carpet
2030,no_surface
2031,no_surface
2032,wood
2033,concrete
2034,carpet
2035,fine_concrete
2036,no_surface
2037,soft_pvc
2038,wood
2039,tiled
2040,concrete
2041,fine_concrete
2042,fine_concrete
2043,carpet
2044,no_surface
2045,tiled
2046,soft_pvc
2047,tiled
2048,fine_concrete
2049,no_surface
2050,tiled
2051,no_surface
2052,concrete
2053,no_surface
2054,soft_tiles
2055,soft_pvc
2056,no_surface
2057,no_surface
2058,concrete
2059,concrete
2060,concrete
2061,soft_pvc
2062,fine_concrete
2063,fine_concrete
2064,no_surface
2065,no_surface
2066,no_surface
2067,no_surface
2068,fine_concrete
2069,fine_concrete
2070,concrete
2071,wood
2072,concrete
2073,no_surface
2074,soft_pvc
2075,concrete
2076,fine_concrete
2077,concrete
2078,soft_tiles
2079,no_surface
2080,tiled
2081,soft_tiles
2082,no_surface
2083,concrete
2084,no_surface
2085,concrete
2086,soft_tiles
2087,wood
2088,fine_concrete
2089,soft_pvc
2090,concrete
2091,no_surface
2092,concrete
2093,soft_pvc
2094,hard_tiles
2095,hard_tiles
2096,no_surface
2097,fine_concrete
2098,soft_pvc
2099,hard_tiles_large_space
2100,fine_concrete
2101,concrete
2102,concrete
2103,wood
2104,soft_pvc
2105,soft_pvc
2106,soft_pvc
2107,hard_tiles_large_space
2108,no_surface
2109,concrete
2110,wood
2111,soft_pvc
2112,concrete
2113,soft_tiles
2114,no_surface
2115,no_surface
2116,tiled
2117,concrete
2118,concrete
2119,no_surface
2120,wood
2121,wood
2122,no_surface
2123,fine_concrete
2124,fine_concrete
2125,soft_tiles
2126,no_surface
2127,no_surface
2128,concrete
2129,tiled
2130,wood
2131,carpet
2132,concrete
2133,hard_tiles_large_space
2134,soft_pvc
2135,fine_concrete
2136,hard_tiles_large_space
2137,no_surface
2138,concrete
2139,no_surface
2140,concrete
2141,soft_pvc
2142,soft_pvc
2143,no_surface
2144,no_surface
2145,concrete
2146,no_surface
2147,soft_tiles
2148,concrete
2149,no_surface
2150,wood
2151,no_surface
2152,fine_concrete
2153,no_surface
2154,soft_tiles
2155,soft_tiles
2156,no_surface
2157,wood
2158,soft_tiles
2159,fine_concrete
2160,no_surface
2161,soft_pvc
2162,concrete
2163,hard_tiles_large_space
2164,hard_tiles_large_space
2165,tiled
2166,fine_concrete
2167,carpet
2168,soft_tiles
2169,tiled
2170,no_surface
2171,no_surface
2172,soft_pvc
2173,no_surface
2174,carpet
2175,wood
2176,concrete
2177,hard_tiles_large_space
2178,no_surface
2179,tiled
2180,concrete
2181,tiled
2182,concrete
2183,wood
2184,no_surface
2185,tiled
2186,hard_tiles
2187,wood
2188,soft_tiles
2189,no_surface
2190,tiled
2191,no_surface
2192,carpet
2193,wood
2194,soft_tiles
2195,tiled
2196,soft_pvc
2197,soft_pvc
2198,soft_tiles
2199,hard_tiles_large_space
2200,soft_tiles
2201,no_surface
2202,concrete
2203,no_surface
2204,carpet
2205,concrete
2206,no_surface
2207,fine_concrete
2208,no_surface
2209,fine_concrete
2210,soft_pvc
2211,no_surface
2212,no_surface
2213,no_surface
2214,no_surface
2215,hard_tiles_large_space
2216,concrete
2217,soft_tiles
2218,soft_pvc
2219,hard_tiles_large_space
2220,soft_pvc
2221,wood
2222,tiled
2223,no_surface
2224,fine_concrete
2225,concrete
2226,soft_pvc
2227,wood
2228,fine_concrete
2229,soft_pvc
2230,fine_concrete
2231,fine_concrete
2232,soft_pvc
2233,soft_pvc
2234,concrete
2235,hard_tiles_large_space
2236,soft_tiles
2237,wood
2238,soft_pvc
2239,soft_pvc
2240,wood
2241,carpet
2242,no_surface
2243,no_surface
2244,no_surface
2245,no_surface
2246,no_surface
2247,wood
2248,tiled
2249,no_surface
2250,no_surface
2251,carpet
2252,hard_tiles
2253,fine_concrete
2254,fine_concrete
2255,fine_concrete
2256,tiled
2257,wood
2258,soft_tiles
2259,soft_pvc
2260,no_surface
2261,hard_tiles
2262,wood
2263,hard_tiles
2264,no_surface
2265,hard_tiles_large_space
2266,no_surface
2267,no_surface
2268,no_surface
2269,no_surface
2270,soft_pvc
2271,no_surface
2272,no_surface
2273,carpet
2274,concrete
2275,wood
2276,tiled
2277,tiled
2278,no_surface
2279,concrete
2280,hard_tiles_large_space
2281,fine_concrete
2282,fine_concrete
2283,tiled
2284,soft_pvc
2285,concrete
2286,carpet
2287,tiled
2288,concrete
2289,concrete
2290,concrete
2291,wood
2292,tiled
2293,hard_tiles_large_space
2294,fine_concrete
2295,no_surface
2296,soft_pvc
2297,no_surface
2298,carpet
2299,no_surface
2300,soft_pvc
2301,fine_concrete
2302,soft_pvc
2303,soft_pvc
2304,tiled
2305,concrete
2306,soft_pvc
2307,no_surface
2308,fine_concrete
2309,fine_concrete
2310,no_surface
2311,concrete
2312,soft_pvc
2313,soft_tiles
2314,fine_concrete
2315,wood
2316,carpet
2317,soft_pvc
2318,wood
2319,no_surface
2320,no_surface
2321,soft_tiles
2322,hard_tiles
2323,soft_pvc
2324,wood
2325,tiled
2326,hard_tiles_large_space
2327,no_surface
2328,wood
2329,fine_concrete
2330,soft_pvc
2331,soft_pvc
2332,soft_pvc
2333,soft_pvc
2334,soft_pvc
2335,wood
2336,no_surface
2337,soft_pvc
2338,soft_pvc
2339,wood
2340,concrete
2341,fine_concrete
2342,no_surface
2343,hard_tiles_large_space
2344,carpet
2345,no_surface
2346,concrete
2347,tiled
2348,fine_concrete
2349,tiled
2350,soft_tiles
2351,concrete
2352,soft_tiles
2353,soft_pvc
2354,soft_tiles
2355,no_surface
2356,soft_pvc
2357,fine_concrete
2358,soft_tiles
2359,wood
2360,no_surface
2361,soft_pvc
2362,wood
2363,fine_concrete
2364,wood
2365,soft_pvc
2366,soft_pvc
2367,no_surface
2368,wood
2369,wood
2370,no_surface
2371,soft_pvc
2372,no_surface
2373,no_surface
2374,soft_tiles
2375,soft_pvc
2376,fine_concrete
2377,concrete
2378,hard_tiles_large_space
2379,no_surface
2380,tiled
2381,soft_tiles
2382,no_surface
2383,soft_pvc
2384,hard_tiles_large_space
2385,fine_concrete
2386,tiled
2387,carpet
2388,soft_pvc
2389,soft_pvc
2390,soft_pvc
2391,no_surface
2392,no_surface
2393,carpet
2394,no_surface
2395,soft_pvc
2396,fine_concrete
2397,concrete
2398,fine_concrete
2399,hard_tiles
2400,wood
2401,no_surface
2402,tiled
2403,no_surface
2404,hard_tiles_large_space
2405,tiled
2406,no_surface
2407,no_surface
2408,no_surface
2409,fine_concrete
2410,fine_concrete
2411,no_surface
2412,tiled
2413,fine_concrete
2414,hard_tiles
2415,carpet
2416,no_surface
2417,tiled
2418,soft_pvc
2419,no_surface
2420,carpet
2421,no_surface
2422,tiled
2423,carpet
2424,soft_tiles
2425,fine_concrete
2426,soft_pvc
2427,tiled
2428,fine_concrete
2429,wood
2430,hard_tiles
2431,hard_tiles_large_space
2432,hard_tiles_large_space
2433,concrete
2434,no_surface
2435,soft_tiles
2436,fine_concrete
2437,hard_tiles_large_space
2438,wood
2439,soft_pvc
2440,fine_concrete
2441,no_surface
2442,hard_tiles_large_space
2443,fine_concrete
2444,hard_tiles_large_space
2445,soft_pvc
2446,concrete
2447,no_surface
2448,hard_tiles_large_space
2449,no_surface
2450,concrete
2451,concrete
2452,soft_pvc
2453,fine_concrete
2454,concrete
2455,hard_tiles_large_space
2456,wood
2457,concrete
2458,soft_tiles
2459,concrete
2460,wood
2461,wood
2462,no_surface
2463,no_surface
2464,wood
2465,fine_concrete
2466,carpet
2467,soft_pvc
2468,no_surface
2469,fine_concrete
2470,wood
2471,hard_tiles_large_space
2472,no_surface
2473,carpet
2474,no_surface
2475,no_surface
2476,hard_tiles_large_space
2477,no_surface
2478,no_surface
2479,no_surface
2480,concrete
2481,no_surface
2482,no_surface
2483,no_surface
2484,carpet
2485,hard_tiles_large_space
2486,fine_concrete
2487,wood
2488,no_surface
2489,concrete
2490,concrete
2491,concrete
2492,soft_pvc
2493,concrete
2494,concrete
2495,concrete
2496,soft_pvc
2497,fine_concrete
2498,wood
2499,fine_concrete
2500,carpet
2501,fine_concrete
2502,soft_tiles
2503,hard_tiles_large_space
2504,soft_pvc
2505,soft_pvc
2506,concrete
2507,concrete
2508,concrete
2509,carpet
2510,wood
2511,fine_concrete
2512,tiled
2513,soft_tiles
2514,fine_concrete
2515,fine_concrete
2516,carpet
2517,carpet
2518,no_surface
2519,hard_tiles_large_space
2520,soft_tiles
2521,no_surface
2522,soft_pvc
2523,wood
2524,soft_pvc
2525,soft_pvc
2526,soft_pvc
2527,hard_tiles_large_space
2528,hard_tiles
2529,no_surface
2530,wood
2531,soft_tiles
2532,fine_concrete
2533,hard_tiles_large_space
2534,fine_concrete
2535,soft_pvc
2536,wood
2537,soft_tiles
2538,soft_tiles
2539,no_surface
2540,hard_tiles_large_space
2541,fine_concrete
2542,wood
2543,hard_tiles_large_space
2544,wood
2545,no_surface
2546,soft_pvc
2547,fine_concrete
2548,wood
2549,no_surface
2550,wood
2551,soft_tiles
2552,wood
2553,soft_pvc
2554,hard_tiles_large_space
2555,no_surface
2556,tiled
2557,concrete
2558,wood
2559,soft_pvc
2560,hard_tiles_large_space
2561,no_surface
2562,concrete
2563,tiled
2564,wood
2565,fine_concrete
2566,no_surface
2567,carpet
2568,concrete
2569,soft_pvc
2570,no_surface
2571,soft_pvc
2572,soft_pvc
2573,fine_concrete
2574,wood
2575,wood
2576,no_surface
2577,no_surface
2578,no_surface
2579,fine_concrete
2580,fine_concrete
2581,concrete
2582,no_surface
2583,concrete
2584,no_surface
2585,soft_tiles
2586,concrete
2587,concrete
2588,concrete
2589,fine_concrete
2590,no_surface
2591,concrete
2592,soft_pvc
2593,no_surface
2594,tiled
2595,soft_tiles
2596,no_surface
2597,wood
2598,fine_concrete
2599,hard_tiles_large_space
2600,soft_pvc
2601,no_surface
2602,hard_tiles
2603,concrete
2604,concrete
2605,fine_concrete
2606,soft_pvc
2607,no_surface
2608,carpet
2609,hard_tiles_large_space
2610,concrete
2611,no_surface
2612,soft_pvc
2613,concrete
2614,soft_pvc
2615,fine_concrete
2616,fine_concrete
2617,fine_concrete
2618,no_surface
2619,no_surface
2620,wood
2621,wood
2622,soft_pvc
2623,hard_tiles_large_space
2624,wood
2625,fine_concrete
2626,soft_pvc
2627,fine_concrete
2628,soft_pvc
2629,hard_tiles
2630,concrete
2631,tiled
2632,hard_tiles_large_space
2633,soft_pvc
2634,concrete
2635,fine_concrete
2636,wood
2637,concrete
2638,no_surface
2639,wood
2640,carpet
2641,no_surface
2642,no_surface
2643,hard_tiles_large_space
2644,fine_concrete
2645,concrete
2646,soft_pvc
2647,soft_tiles
2648,concrete
2649,fine_concrete
2650,tiled
2651,soft_pvc
2652,no_surface
2653,hard_tiles
2654,fine_concrete
2655,tiled
2656,concrete
2657,no_surface
2658,hard_tiles_large_space
2659,soft_tiles
2660,fine_concrete
2661,carpet
2662,wood
2663,fine_concrete
2664,fine_concrete
2665,wood
2666,soft_pvc
2667,soft_pvc
2668,no_surface
2669,no_surface
2670,fine_concrete
2671,no_surface
2672,concrete
2673,soft_pvc
2674,soft_tiles
2675,concrete
2676,soft_tiles
2677,soft_pvc
2678,hard_tiles_large_space
2679,soft_pvc
2680,soft_tiles
2681,carpet
2682,soft_tiles
2683,no_surface
2684,concrete
2685,concrete
2686,no_surface
2687,tiled
2688,carpet
2689,wood
2690,carpet
2691,carpet
2692,soft_pvc
2693,soft_pvc
2694,carpet
2695,tiled
2696,tiled
2697,hard_tiles_large_space
2698,fine_concrete
2699,no_surface
2700,no_surface
2701,no_surface
2702,carpet
2703,soft_pvc
2704,hard_tiles_large_space
2705,no_surface
2706,fine_concrete
2707,no_surface
2708,hard_tiles_large_space
2709,soft_pvc
2710,soft_pvc
2711,hard_tiles_large_space
2712,wood
2713,soft_pvc
2714,concrete
2715,soft_pvc
2716,hard_tiles_large_space
2717,no_surface
2718,tiled
2719,carpet
2720,no_surface
2721,tiled
2722,no_surface
2723,carpet
2724,no_surface
2725,fine_concrete
2726,no_surface
2727,no_surface
2728,soft_tiles
2729,tiled
2730,wood
2731,fine_concrete
2732,concrete
2733,fine_concrete
2734,hard_tiles_large_space
2735,concrete
2736,hard_tiles_large_space
2737,fine_concrete
2738,fine_concrete
2739,soft_pvc
2740,concrete
2741,wood
2742,wood
2743,concrete
2744,no_surface
2745,hard_tiles
2746,hard_tiles_large_space
2747,concrete
2748,no_surface
2749,no_surface
2750,no_surface
2751,soft_pvc
2752,concrete
2753,soft_pvc
2754,fine_concrete
2755,hard_tiles_large_space
2756,tiled
2757,soft_pvc
2758,fine_concrete
2759,wood
2760,concrete
2761,soft_pvc
2762,fine_concrete
2763,hard_tiles_large_space
2764,soft_tiles
2765,concrete
2766,fine_concrete
2767,soft_pvc
2768,no_surface
2769,no_surface
2770,hard_tiles_large_space
2771,hard_tiles_large_space
2772,soft_pvc
2773,wood
2774,tiled
2775,no_surface
2776,soft_tiles
2777,soft_pvc
2778,concrete
2779,soft_pvc
2780,no_surface
2781,soft_pvc
2782,soft_pvc
2783,no_surface
2784,fine_concrete
2785,tiled
2786,soft_tiles
2787,fine_concrete
2788,hard_tiles_large_space
2789,soft_pvc
2790,hard_tiles_large_space
2791,wood
2792,soft_tiles
2793,concrete
2794,soft_tiles
2795,no_surface
2796,concrete
2797,no_surface
2798,soft_pvc
2799,concrete
2800,no_surface
2801,concrete
2802,carpet
2803,fine_concrete
2804,fine_concrete
2805,concrete
2806,concrete
2807,no_surface
2808,wood
2809,no_surface
2810,no_surface
2811,fine_concrete
2812,hard_tiles_large_space
2813,soft_tiles
2814,concrete
2815,soft_tiles
2816,soft_pvc
2817,carpet
2818,fine_concrete
2819,fine_concrete
2820,no_surface
2821,concrete
2822,soft_pvc
2823,soft_pvc
2824,concrete
2825,no_surface
2826,no_surface
2827,hard_tiles_large_space
2828,soft_tiles
2829,tiled
2830,concrete
2831,tiled
2832,soft_pvc
2833,no_surface
2834,tiled
2835,fine_concrete
2836,soft_tiles
2837,soft_pvc
2838,carpet
2839,fine_concrete
2840,no_surface
2841,hard_tiles
2842,fine_concrete
2843,fine_concrete
2844,no_surface
2845,soft_pvc
2846,hard_tiles
2847,concrete
2848,concrete
2849,hard_tiles_large_space
2850,wood
2851,no_surface
2852,no_surface
2853,wood
2854,wood
2855,fine_concrete
2856,concrete
2857,wood
2858,no_surface
2859,wood
2860,concrete
2861,wood
2862,concrete
2863,no_surface
2864,no_surface
2865,concrete
2866,soft_tiles
2867,tiled
2868,soft_pvc
2869,hard_tiles
2870,wood
2871,concrete
2872,hard_tiles_large_space
2873,carpet
2874,no_surface
2875,tiled
2876,soft_pvc
2877,carpet
2878,no_surface
2879,wood
2880,carpet
2881,fine_concrete
2882,carpet
2883,no_surface
2884,no_surface
2885,wood
2886,fine_concrete
2887,no_surface
2888,tiled
2889,soft_pvc
2890,soft_tiles
2891,soft_pvc
2892,soft_tiles
2893,hard_tiles_large_space
2894,no_surface
2895,fine_concrete
2896,no_surface
2897,soft_tiles
2898,no_surface
2899,fine_concrete
2900,wood
2901,soft_tiles
2902,no_surface
2903,no_surface
2904,no_surface
2905,hard_tiles
2906,tiled
2907,wood
2908,no_surface
2909,no_surface
2910,wood
2911,tiled
2912,tiled
2913,wood
2914,tiled
2915,no_surface
2916,hard_tiles
2917,concrete
2918,fine_concrete
2919,fine_concrete
2920,wood
2921,soft_tiles
2922,concrete
2923,fine_concrete
2924,no_surface
2925,carpet
2926,no_surface
2927,soft_tiles
2928,soft_pvc
2929,soft_pvc
2930,concrete
2931,soft_pvc
2932,tiled
2933,fine_concrete
2934,soft_pvc
2935,fine_concrete
2936,no_surface
2937,wood
2938,carpet
2939,tiled
2940,tiled
2941,fine_concrete
2942,hard_tiles_large_space
2943,concrete
2944,no_surface
2945,soft_pvc
2946,soft_pvc
2947,wood
2948,no_surface
2949,concrete
2950,hard_tiles
2951,concrete
2952,no_surface
2953,hard_tiles_large_space
2954,hard_tiles_large_space
2955,no_surface
2956,carpet
2957,no_surface
2958,wood
2959,no_surface
2960,tiled
2961,no_surface
2962,concrete
2963,fine_concrete
2964,soft_tiles
2965,no_surface
2966,no_surface
2967,wood
2968,no_surface
2969,concrete
2970,soft_pvc
2971,no_surface
2972,soft_tiles
2973,hard_tiles_large_space
2974,fine_concrete
2975,soft_tiles
2976,concrete
2977,tiled
2978,concrete
2979,no_surface
2980,fine_concrete
2981,concrete
2982,no_surface
2983,hard_tiles_large_space
2984,soft_pvc
2985,soft_pvc
2986,concrete
2987,hard_tiles
2988,no_surface
2989,fine_concrete
2990,soft_pvc
2991,concrete
2992,soft_pvc
2993,no_surface
2994,fine_concrete
2995,no_surface
2996,tiled
2997,concrete
2998,no_surface
2999,soft_pvc
3000,soft_pvc
3001,soft_tiles
3002,wood
3003,no_surface
3004,carpet
3005,no_surface
3006,fine_concrete
3007,fine_concrete
3008,soft_tiles
3009,soft_pvc
3010,soft_pvc
3011,no_surface
3012,carpet
3013,no_surface
3014,carpet
3015,concrete
3016,carpet
3017,no_surface
3018,no_surface
3019,soft_pvc
3020,wood
3021,concrete
3022,tiled
3023,soft_tiles
3024,soft_pvc
3025,tiled
3026,carpet
3027,fine_concrete
3028,soft_pvc
3029,soft_pvc
3030,soft_tiles
3031,concrete
3032,concrete
3033,hard_tiles_large_space
3034,carpet
3035,fine_concrete
3036,soft_pvc
3037,no_surface
3038,soft_tiles
3039,soft_pvc
3040,soft_pvc
3041,concrete
3042,hard_tiles_large_space
3043,concrete
3044,concrete
3045,no_surface
3046,fine_concrete
3047,hard_tiles_large_space
3048,soft_pvc
3049,fine_concrete
3050,wood
3051,wood
3052,concrete
3053,concrete
3054,hard_tiles_large_space
3055,tiled
3056,wood
3057,no_surface
3058,no_surface
3059,soft_pvc
3060,concrete
3061,carpet
3062,soft_tiles
3063,tiled
3064,wood
3065,hard_tiles_large_space
3066,no_surface
3067,concrete
3068,concrete
3069,soft_pvc
3070,no_surface
3071,no_surface
3072,no_surface
3073,fine_concrete
3074,soft_pvc
3075,soft_pvc
3076,no_surface
3077,no_surface
3078,no_surface
3079,soft_pvc
3080,no_surface
3081,no_surface
3082,no_surface
3083,fine_concrete
3084,no_surface
3085,soft_pvc
3086,no_surface
3087,soft_pvc
3088,soft_pvc
3089,hard_tiles_large_space
3090,soft_pvc
3091,fine_concrete
3092,soft_pvc
3093,wood
3094,concrete
3095,no_surface
3096,hard_tiles
3097,concrete
3098,soft_pvc
3099,soft_pvc
3100,wood
3101,no_surface
3102,no_surface
3103,wood
3104,soft_pvc
3105,carpet
3106,no_surface
3107,carpet
3108,soft_pvc
3109,soft_tiles
3110,soft_tiles
3111,fine_concrete
3112,soft_tiles
3113,no_surface
3114,soft_pvc
3115,concrete
3116,hard_tiles_large_space
3117,wood
3118,concrete
3119,hard_tiles_large_space
3120,concrete
3121,soft_pvc
3122,hard_tiles_large_space
3123,soft_tiles
3124,hard_tiles_large_space
3125,concrete
3126,fine_concrete
3127,no_surface
3128,wood
3129,no_surface
3130,hard_tiles_large_space
3131,concrete
3132,wood
3133,soft_pvc
3134,tiled
3135,hard_tiles_large_space
3136,concrete
3137,no_surface
3138,carpet
3139,soft_pvc
3140,soft_pvc
3141,soft_pvc
3142,soft_pvc
3143,no_surface
3144,wood
3145,fine_concrete
3146,hard_tiles
3147,concrete
3148,fine_concrete
3149,soft_pvc
3150,hard_tiles_large_space
3151,no_surface
3152,concrete
3153,fine_concrete
3154,soft_pvc
3155,soft_pvc
3156,hard_tiles_large_space
3157,fine_concrete
3158,no_surface
3159,carpet
3160,no_surface
3161,fine_concrete
3162,no_surface
3163,wood
3164,wood
3165,no_surface
3166,soft_tiles
3167,no_surface
3168,tiled
3169,soft_pvc
3170,hard_tiles
3171,concrete
3172,no_surface
3173,concrete
3174,fine_concrete
3175,fine_concrete
3176,wood
3177,hard_tiles_large_space
3178,no_surface
3179,tiled
3180,soft_pvc
3181,no_surface
3182,soft_pvc
3183,concrete
3184,concrete
3185,hard_tiles
3186,no_surface
3187,hard_tiles_large_space
3188,soft_tiles
3189,carpet
3190,carpet
3191,concrete
3192,wood
3193,fine_concrete
3194,hard_tiles
3195,concrete
3196,soft_pvc
3197,fine_concrete
3198,concrete
3199,concrete
3200,fine_concrete
3201,hard_tiles_large_space
3202,no_surface
3203,concrete
3204,concrete
3205,hard_tiles_large_space
3206,fine_concrete
3207,no_surface
3208,soft_tiles
3209,fine_concrete
3210,soft_pvc
3211,wood
3212,tiled
3213,concrete
3214,hard_tiles_large_space
3215,soft_tiles
3216,no_surface
3217,soft_pvc
3218,soft_tiles
3219,tiled
3220,fine_concrete
3221,carpet
3222,carpet
3223,no_surface
3224,tiled
3225,no_surface
3226,concrete
3227,soft_tiles
3228,soft_pvc
3229,soft_pvc
3230,fine_concrete
3231,soft_tiles
3232,soft_pvc
3233,soft_pvc
3234,concrete
3235,no_surface
3236,fine_concrete
3237,hard_tiles_large_space
3238,soft_tiles
3239,carpet
3240,soft_pvc
3241,concrete
3242,fine_concrete
3243,carpet
3244,concrete
3245,concrete
3246,hard_tiles_large_space
3247,concrete
3248,soft_pvc
3249,no_surface
3250,soft_tiles
3251,no_surface
3252,soft_pvc
3253,concrete
3254,soft_pvc
3255,concrete
3256,wood
3257,no_surface
3258,carpet
3259,wood
3260,fine_concrete
3261,fine_concrete
3262,hard_tiles
3263,concrete
3264,concrete
3265,fine_concrete
3266,tiled
3267,no_surface
3268,soft_pvc
3269,soft_tiles
3270,tiled
3271,soft_pvc
3272,hard_tiles_large_space
3273,fine_concrete
3274,concrete
3275,soft_pvc
3276,hard_tiles
3277,soft_pvc
3278,wood
3279,concrete
3280,fine_concrete
3281,hard_tiles_large_space
3282,no_surface
3283,no_surface
3284,concrete
3285,wood
3286,hard_tiles
3287,no_surface
3288,fine_concrete
3289,no_surface
3290,no_surface
3291,no_surface
3292,concrete
3293,carpet
3294,concrete
3295,no_surface
3296,hard_tiles_large_space
3297,hard_tiles_large_space
3298,concrete
3299,wood
3300,hard_tiles
3301,tiled
3302,soft_pvc
3303,no_surface
3304,wood
3305,fine_concrete
3306,concrete
3307,concrete
3308,no_surface
3309,tiled
3310,soft_tiles
3311,soft_pvc
3312,tiled
3313,wood
3314,wood
3315,wood
3316,no_surface
3317,concrete
3318,carpet
3319,no_surface
3320,hard_tiles
3321,soft_tiles
3322,no_surface
3323,no_surface
3324,soft_pvc
3325,no_surface
3326,no_surface
3327,soft_pvc
3328,no_surface
3329,fine_concrete
3330,fine_concrete
3331,concrete
3332,no_surface
3333,soft_pvc
3334,hard_tiles_large_space
3335,no_surface
3336,hard_tiles_large_space
3337,soft_pvc
3338,soft_pvc
3339,soft_pvc
3340,fine_concrete
3341,soft_pvc
3342,hard_tiles_large_space
3343,fine_concrete
3344,no_surface
3345,no_surface
3346,soft_pvc
3347,fine_concrete
3348,fine_concrete
3349,hard_tiles
3350,tiled
3351,soft_pvc
3352,tiled
3353,hard_tiles
3354,soft_pvc
3355,soft_pvc
3356,fine_concrete
3357,soft_tiles
3358,hard_tiles_large_space
3359,concrete
3360,concrete
3361,soft_pvc
3362,concrete
3363,carpet
3364,fine_concrete
3365,tiled
3366,hard_tiles_large_space
3367,no_surface
3368,soft_tiles
3369,wood
3370,no_surface
3371,no_surface
3372,no_surface
3373,tiled
3374,fine_concrete
3375,hard_tiles
3376,soft_pvc
3377,tiled
3378,hard_tiles
3379,no_surface
3380,soft_pvc
3381,concrete
3382,tiled
3383,fine_concrete
3384,wood
3385,no_surface
3386,concrete
3387,hard_tiles
3388,soft_pvc
3389,concrete
3390,tiled
3391,soft_pvc
3392,carpet
3393,soft_tiles
3394,tiled
3395,tiled
3396,no_surface
3397,no_surface
3398,hard_tiles_large_space
3399,soft_pvc
3400,soft_tiles
3401,soft_tiles
3402,wood
3403,wood
3404,hard_tiles_large_space
3405,fine_concrete
3406,fine_concrete
3407,wood
3408,tiled
3409,fine_concrete
3410,tiled
3411,soft_pvc
3412,concrete
3413,fine_concrete
3414,fine_concrete
3415,concrete
3416,wood
3417,no_surface
3418,concrete
3419,concrete
3420,carpet
3421,wood
3422,no_surface
3423,wood
3424,no_surface
3425,concrete
3426,concrete
3427,no_surface
3428,no_surface
3429,concrete
3430,concrete
3431,concrete
3432,concrete
3433,tiled
3434,hard_tiles_large_space
3435,soft_tiles
3436,carpet
3437,carpet
3438,soft_pvc
3439,carpet
3440,no_surface
3441,wood
3442,hard_tiles
3443,no_surface
3444,tiled
3445,soft_pvc
3446,wood
3447,concrete
3448,fine_concrete
3449,soft_tiles
3450,soft_pvc
3451,no_surface
3452,fine_concrete
3453,no_surface
3454,no_surface
3455,carpet
3456,no_surface
3457,no_surface
3458,carpet
3459,soft_pvc
3460,tiled
3461,fine_concrete
3462,soft_pvc
3463,hard_tiles_large_space
3464,fine_concrete
3465,wood
3466,no_surface
3467,soft_pvc
3468,tiled
3469,concrete
3470,wood
3471,fine_concrete
3472,fine_concrete
3473,no_surface
3474,concrete
3475,wood
3476,wood
3477,soft_tiles
3478,soft_pvc
3479,no_surface
3480,no_surface
3481,concrete
3482,fine_concrete
3483,soft_pvc
3484,wood
3485,concrete
3486,concrete
3487,fine_concrete
3488,tiled
3489,wood
3490,fine_concrete
3491,wood
3492,tiled
3493,no_surface
3494,wood
3495,tiled
3496,soft_pvc
3497,soft_pvc
3498,no_surface
3499,soft_tiles
3500,hard_tiles_large_space
3501,wood
3502,wood
3503,hard_tiles_large_space
3504,no_surface
3505,fine_concrete
3506,soft_pvc
3507,hard_tiles_large_space
3508,no_surface
3509,wood
3510,fine_concrete
3511,no_surface
3512,hard_tiles_large_space
3513,no_surface
3514,carpet
3515,soft_pvc
3516,soft_tiles
3517,concrete
3518,wood
3519,no_surface
3520,fine_concrete
3521,soft_pvc
3522,tiled
3523,no_surface
3524,wood
3525,fine_concrete
3526,fine_concrete
3527,tiled
3528,fine_concrete
3529,no_surface
3530,soft_tiles
3531,soft_tiles
3532,wood
3533,soft_pvc
3534,wood
3535,no_surface
3536,hard_tiles_large_space
3537,hard_tiles_large_space
3538,concrete
3539,concrete
3540,no_surface
3541,concrete
3542,carpet
3543,soft_pvc
3544,hard_tiles_large_space
3545,wood
3546,wood
3547,hard_tiles
3548,concrete
3549,no_surface
3550,hard_tiles_large_space
3551,no_surface
3552,no_surface
3553,concrete
3554,no_surface
3555,fine_concrete
3556,soft_pvc
3557,no_surface
3558,hard_tiles
3559,concrete
3560,hard_tiles_large_space
3561,concrete
3562,soft_pvc
3563,carpet
3564,fine_concrete
3565,no_surface
3566,no_surface
3567,no_surface
3568,no_surface
3569,concrete
3570,soft_pvc
3571,soft_tiles
3572,carpet
3573,fine_concrete
3574,concrete
3575,no_surface
3576,hard_tiles
3577,concrete
3578,soft_tiles
3579,tiled
3580,wood
3581,concrete
3582,soft_pvc
3583,no_surface
3584,hard_tiles
3585,carpet
3586,fine_concrete
3587,no_surface
3588,no_surface
3589,wood
3590,hard_tiles
3591,hard_tiles_large_space
3592,fine_concrete
3593,soft_pvc
3594,concrete
3595,hard_tiles_large_space
3596,fine_concrete
3597,wood
3598,soft_pvc
3599,concrete
3600,hard_tiles_large_space
3601,tiled
3602,fine_concrete
3603,soft_tiles
3604,concrete
3605,concrete
3606,concrete
3607,no_surface
3608,hard_tiles
3609,concrete
3610,soft_pvc
3611,carpet
3612,concrete
3613,wood
3614,concrete
3615,tiled
3616,no_surface
3617,hard_tiles
3618,carpet
3619,tiled
3620,hard_tiles_large_space
3621,hard_tiles_large_space
3622,hard_tiles
3623,no_surface
3624,no_surface
3625,concrete
3626,soft_tiles
3627,soft_pvc
3628,fine_concrete
3629,no_surface
3630,hard_tiles
3631,fine_concrete
3632,fine_concrete
3633,hard_tiles_large_space
3634,tiled
3635,no_surface
3636,hard_tiles_large_space
3637,soft_pvc
3638,tiled
3639,wood
3640,no_surface
3641,concrete
3642,soft_tiles
3643,no_surface
3644,no_surface
3645,concrete
3646,no_surface
3647,wood
3648,hard_tiles
3649,hard_tiles
3650,no_surface
3651,wood
3652,soft_tiles
3653,no_surface
3654,no_surface
3655,concrete
3656,fine_concrete
3657,hard_tiles
3658,tiled
3659,concrete
3660,soft_pvc
3661,hard_tiles_large_space
3662,soft_pvc
3663,fine_concrete
3664,no_surface
3665,wood
3666,hard_tiles_large_space
3667,wood
3668,carpet
3669,no_surface
3670,fine_concrete
3671,no_surface
3672,soft_tiles
3673,concrete
3674,no_surface
3675,hard_tiles_large_space
3676,concrete
3677,fine_concrete
3678,concrete
3679,no_surface
3680,no_surface
3681,no_surface
3682,concrete
3683,soft_pvc
3684,fine_concrete
3685,hard_tiles_large_space
3686,fine_concrete
3687,concrete
3688,concrete
3689,no_surface
3690,tiled
3691,concrete
3692,tiled
3693,soft_tiles
3694,fine_concrete
3695,soft_pvc
3696,wood
3697,no_surface
3698,soft_pvc
3699,soft_tiles
3700,soft_pvc
3701,no_surface
3702,no_surface
3703,tiled
3704,soft_tiles
3705,tiled
3706,no_surface
3707,no_surface
3708,wood
3709,concrete
3710,carpet
3711,hard_tiles
3712,soft_pvc
3713,concrete
3714,concrete
3715,soft_pvc
3716,concrete
3717,no_surface
3718,carpet
3719,concrete
3720,tiled
3721,soft_tiles
3722,fine_concrete
3723,no_surface
3724,no_surface
3725,soft_pvc
3726,tiled
3727,hard_tiles_large_space
3728,no_surface
3729,soft_tiles
3730,hard_tiles
3731,wood
3732,tiled
3733,no_surface
3734,no_surface
3735,carpet
3736,no_surface
3737,no_surface
3738,concrete
3739,wood
3740,fine_concrete
3741,concrete
3742,tiled
3743,no_surface
3744,concrete
3745,soft_pvc
3746,wood
3747,hard_tiles_large_space
3748,no_surface
3749,wood
3750,soft_tiles
3751,soft_pvc
3752,fine_concrete
3753,soft_tiles
3754,no_surface
3755,soft_tiles
3756,no_surface
3757,soft_pvc
3758,soft_pvc
3759,hard_tiles_large_space
3760,no_surface
3761,carpet
3762,no_surface
3763,fine_concrete
3764,no_surface
3765,fine_concrete
3766,concrete
3767,concrete
3768,no_surface
3769,soft_pvc
3770,tiled
3771,no_surface
3772,concrete
3773,hard_tiles_large_space
3774,no_surface
3775,tiled
3776,concrete
3777,concrete
3778,concrete
3779,soft_pvc
3780,fine_concrete
3781,fine_concrete
3782,fine_concrete
3783,soft_pvc
3784,soft_tiles
3785,hard_tiles_large_space
3786,tiled
3787,concrete
3788,carpet
3789,fine_concrete
3790,no_surface
3791,carpet
3792,hard_tiles
3793,fine_concrete
3794,concrete
3795,fine_concrete
3796,hard_tiles_large_space
3797,concrete
3798,wood
3799,concrete
3800,soft_tiles
3801,no_surface
3802,hard_tiles
3803,no_surface
3804,concrete
3805,wood
3806,concrete
3807,no_surface
3808,tiled
3809,no_surface
3810,soft_pvc
3811,soft_pvc
3812,carpet
3813,carpet
3814,concrete
3815,wood
